종목코드,ETF명,시작일종가,종료일종가,기간수익률(%),기간최고가,기간최저가,평균거래량
423920,TIGER 미국필라델피아반도체레버리지(합성),6234.0,15546.0,149.37,16466,6104,118064.0
418660,TIGER 미국나스닥100레버리지(합성),6080.0,14210.0,133.72,14390,5940,120231.0
409820,KODEX 미국나스닥100레버리지(합성 H),3825.0,8225.0,115.03,8590,3760,538813.0
291630,KOSEF 코스닥150선물레버리지,2820.0,5530.0,96.1,8125,2735,25783.0
306530,HANARO 코스닥150선물레버리지,5695.0,11085.0,94.64,16345,5520,5306.0
278240,RISE 코스닥150선물레버리지,6500.0,12580.0,93.54,18110,6290,30518.0
233160,TIGER 코스닥150 레버리지,6595.0,12730.0,93.03,18950,6395,170910.0
314250,KODEX 미국빅테크10(H),16705.0,31695.0,89.73,32325,16375,126251.0
233740,KODEX 코스닥150레버리지,6030.0,11400.0,89.05,17170,5845,21527902.0
381170,TIGER 미국테크TOP10 INDXX,8120.0,15030.0,85.1,15045,7915,832602.0
446770,ACE 글로벌반도체TOP4 Plus SOLACTIVE,9007.0,16408.0,82.17,16618,8787,116727.0
388420,RISE 비메모리반도체액티브,6625.0,11666.0,76.09,12074,6496,697924.0
390390,KODEX 미국반도체MV,8794.0,15479.0,76.02,15764,8654,71442.0
426030,TIMEFOLIO 미국나스닥100액티브,8690.0,14950.0,72.04,14955,8610,6063.0
411050,ACE 글로벌메타버스테크액티브,5680.0,9755.0,71.74,9990,5620,2328.0
423170,SOL 한국형글로벌반도체액티브,8131.0,13935.0,71.38,14247,8042,15133.0
419170,HANARO 미국메타버스iSelect,7205.0,12301.0,70.73,12584,7195,755.0
381180,TIGER 미국필라델피아반도체나스닥,8322.0,14090.0,69.31,14427,8295,978378.0
287180,PLUS 미국나스닥테크,17430.0,29220.0,67.64,29735,17000,4201.0
196030,ACE 일본TOPIX레버리지(H),19970.0,33420.0,67.35,33780,19400,3331.0
091230,TIGER 반도체,22331.0,36989.0,65.64,38214,21831,155197.0
445290,KODEX K-로봇액티브,9257.0,15243.0,64.66,16103,9232,239677.0
091160,KODEX 반도체,21667.0,35518.0,63.93,36870,21152,424115.0
396500,TIGER Fn반도체TOP10,6334.0,10353.0,63.45,10729,6210,1659104.0
442580,PLUS 글로벌HBM반도체,9217.0,15031.0,63.08,15609,9217,2687.0
380340,ACE Fn5G플러스,6255.0,10100.0,61.47,10414,6116,3072.0
411420,KODEX 미국메타버스나스닥액티브,5580.0,8995.0,61.2,9050,5490,53990.0
404120,TIMEFOLIO K신재생에너지액티브,8210.0,13170.0,60.41,17015,8045,6796.0
133690,TIGER 미국나스닥100,60795.0,97128.0,59.76,97374,60248,127275.0
448540,ACE 엔비디아채권혼합블룸버그,9560.0,15265.0,59.68,15500,9015,84616.0
379810,KODEX 미국나스닥100TR,9155.0,14540.0,58.82,14570,9000,212093.0
367380,ACE 미국나스닥100,10527.0,16690.0,58.54,16721,10345,134050.0
368590,RISE 미국나스닥100,10172.0,16125.0,58.52,16166,9999,108839.0
305540,TIGER 2차전지테마,17194.0,26648.0,54.98,45635,16477,1891722.0
411720,RISE 글로벌메타버스,6710.0,10395.0,54.92,10480,6620,1418.0
407830,에셋플러스 글로벌플랫폼액티브,4900.0,7565.0,54.39,7990,4690,17243.0
412770,TIGER 글로벌메타버스액티브,5545.0,8360.0,50.77,8475,5485,57896.0
261060,TIGER 코스닥150IT,11250.0,16934.0,50.52,17337,11116,2829.0
385600,ACE 2차전지&친환경차액티브,8187.0,12307.0,50.32,19914,7983,59279.0
426020,TIMEFOLIO 미국S&P500액티브,9190.0,13750.0,49.62,13750,9000,2319.0
334700,RISE 팔라듐선물인버스(H),4275.0,6395.0,49.59,7100,4215,1530.0
448300,TIGER 미국나스닥100TR(H),9135.0,13655.0,49.48,13925,9040,116268.0
276650,RISE 글로벌테크놀로지(합성 H),16040.0,23920.0,49.13,24465,15965,1659.0
449190,KODEX 미국나스닥100(H),8921.0,13302.0,49.11,13566,8806,97024.0
395270,HANARO Fn K-반도체,6807.0,10132.0,48.85,10618,6684,199931.0
395160,KODEX 시스템반도체,6470.0,9614.0,48.59,10067,6322,78562.0
426410,PLUS 미국대체투자Top10,9329.0,13796.0,47.88,14039,9189,565.0
304940,KODEX 미국나스닥100선물(H),13495.0,19945.0,47.8,20375,13350,195369.0
232080,TIGER 코스닥150,9748.0,14370.0,47.41,16999,9592,253230.0
354500,ACE 코스닥150,9537.0,14050.0,47.32,16568,9407,10407.0
301400,PLUS 코스닥150,9665.0,14230.0,47.23,16807,9544,5669.0
442320,RISE 글로벌원자력,8825.0,12975.0,47.03,13670,8700,22447.0
446690,KODEX 아시아AI반도체exChina액티브,9745.0,14320.0,46.95,14685,9591,112949.0
270810,RISE 코스닥150,9435.0,13865.0,46.95,16452,9324,96995.0
229200,KODEX 코스닥150,9512.0,13975.0,46.92,16590,9382,8871732.0
280320,ACE 미국IT인터넷S&P(합성 H),10060.0,14775.0,46.87,15180,9900,1612.0
316670,KOSEF 코스닥150,4738.0,6949.0,46.67,8241,4673,6448.0
304770,HANARO 코스닥150,9520.0,13930.0,46.32,16481,9365,12055.0
438210,PLUS 글로벌AI,7755.0,11320.0,45.97,11530,7625,5905.0
225040,TIGER 미국S&P500레버리지(합성 H),22250.0,31795.0,42.9,32380,21960,12248.0
456600,TIMEFOLIO 글로벌AI인공지능액티브,10075.0,14340.0,42.33,14485,10000,312307.0
418670,TIGER 글로벌사이버보안INDXX,8010.0,11390.0,42.2,12490,7605,7916.0
387270,TIGER 글로벌이노베이션액티브,8740.0,12405.0,41.93,12475,8540,9172.0
404540,TIGER KRX기후변화솔루션,8365.0,11864.0,41.83,15550,8207,3778.0
306950,KODEX KRX300레버리지,9765.0,13830.0,41.63,14880,9435,2394.0
371450,TIGER 글로벌클라우드컴퓨팅INDXX,7300.0,10330.0,41.51,10710,7245,13941.0
404260,KODEX 기후변화솔루션,8289.0,11722.0,41.42,15444,8156,3113.0
236350,TIGER 인도니프티50레버리지(합성),24150.0,34075.0,41.1,34445,20975,11164.0
404650,SOL KRX기후변화솔루션,8383.0,11781.0,40.53,15492,8222,1388.0
455850,SOL AI반도체소부장,9662.0,13532.0,40.05,14021,9188,1250500.0
315930,KODEX Top5PlusTR,13935.0,19470.0,39.72,20470,13730,23226.0
429990,SOL 한국형글로벌플랫폼&메타버스액티브,8180.0,11414.0,39.54,11633,8094,1650.0
243880,TIGER 200IT레버리지,27645.0,38460.0,39.12,46135,26480,6256.0
453820,KODEX 인도Nifty50레버리지(합성),9990.0,13870.0,38.84,13930,9950,11979.0
291130,ACE 멕시코MSCI(합성),11310.0,15650.0,38.37,15770,11270,1286.0
123320,TIGER 레버리지,12265.0,16925.0,37.99,18760,11790,72451.0
410870,TIMEFOLIO K컬처액티브,6485.0,8930.0,37.7,9985,6260,10144.0
267770,TIGER 200선물레버리지,9645.0,13260.0,37.48,14725,9265,180444.0
304780,HANARO 200선물레버리지,13960.0,19190.0,37.46,21305,13420,1546.0
435040,ACE 글로벌브랜드TOP10블룸버그,9200.0,12631.0,37.29,12817,9060,91365.0
253250,KOSEF 200선물레버리지,11440.0,15700.0,37.24,17425,10980,13004.0
367760,RISE 5G테크,7543.0,10349.0,37.2,10880,7434,45793.0
252400,RISE 200선물레버리지,11585.0,15885.0,37.12,17635,11120,18278.0
253150,PLUS 200선물레버리지,23195.0,31785.0,37.03,35450,22265,2102.0
238720,ACE 일본Nikkei225(H),17095.0,23415.0,36.97,23580,17095,31107.0
152500,ACE 레버리지,5080.0,6940.0,36.61,7700,4875,16140.0
453080,KOSEF 미국나스닥100(H),10055.0,13715.0,36.4,13980,10025,10752.0
450910,SOL 코스닥150,10054.0,13710.0,36.36,16292,9939,5253.0
122630,KODEX 레버리지,12645.0,17230.0,36.26,19105,12145,16836171.0
446700,RISE 배터리 리사이클링,8992.0,12245.0,36.18,18590,8785,76465.0
309230,ACE 미국WideMoat동일가중,16540.0,22468.0,35.84,22468,16273,21272.0
298770,KODEX 한국대만IT프리미어,14765.0,19958.0,35.17,20558,14596,10649.0
261070,TIGER 코스닥150바이오테크,6654.0,8982.0,34.99,9275,6518,62663.0
442090,에셋플러스 코리아대장장이액티브,8900.0,12010.0,34.94,13185,8755,2726.0
385510,KODEX K-신재생에너지액티브,10131.0,13657.0,34.8,17588,9662,70490.0
244620,KODEX 모멘텀Plus,8946.0,11943.0,33.5,13272,8785,2558.0
469070,RISE AI&로봇,9475.0,12620.0,33.19,12695,8885,278352.0
315960,RISE 대형고배당10TR,12830.0,17080.0,33.13,18035,12655,5898.0
449450,PLUS K방산,9116.0,12102.0,32.76,13577,9001,182905.0
105010,TIGER 라틴35,3406.0,4515.0,32.56,4564,3223,4954.0
326240,RISE IT플러스,14104.0,18639.0,32.15,19996,13840,23719.0
225050,TIGER 유로스탁스레버리지(합성 H),7470.0,9810.0,31.33,10305,7440,1414.0
399110,SOL 미국S&P500ESG,9396.0,12252.0,30.4,12252,9163,13779.0
449580,RISE 미국빅데이터Top3채권혼합,9485.0,12350.0,30.21,12715,9260,4375.0
102960,KODEX 기계장비,5014.0,6520.0,30.04,9155,4819,58221.0
360200,ACE 미국S&P500,12029.0,15622.0,29.87,15622,11835,204023.0
422420,RISE 2차전지액티브,8640.0,11220.0,29.86,18745,8330,492067.0
379800,KODEX 미국S&P500TR,10915.0,14165.0,29.78,14165,10725,244839.0
448570,FOCUS AI코리아액티브,9346.0,12124.0,29.72,12755,9330,4938.0
360750,TIGER 미국S&P500,11932.0,15462.0,29.58,15462,11693,976392.0
379780,RISE 미국S&P500,10416.0,13467.0,29.29,13467,10221,113029.0
266370,KODEX IT,14353.0,18549.0,29.23,19788,14110,15204.0
459370,SOL 유럽탄소배출권선물인버스ICE(H),9830.0,12700.0,29.2,13405,9635,21935.0
444490,WON 미국S&P500,9120.0,11775.0,29.11,11775,8835,2865.0
433220,에셋플러스 글로벌대장장이액티브,9365.0,12080.0,28.99,12315,9110,2325.0
251350,KODEX 선진국MSCI World,18360.0,23648.0,28.8,23665,18290,54332.0
449770,KOSEF 미국S&P500,9658.0,12422.0,28.62,12428,9449,4290.0
360150,KODEX 코스닥150롱코스피200숏선물,8165.0,10500.0,28.6,12235,7785,2091.0
447770,TIGER 테슬라채권혼합Fn,8672.0,11145.0,28.52,11547,8138,98394.0
433330,SOL 미국S&P500,10057.0,12890.0,28.17,12908,9786,38794.0
195920,TIGER 일본TOPIX(합성 H),15900.0,20360.0,28.05,20545,15540,47016.0
429760,PLUS 미국S&P500,9029.0,11560.0,28.03,11559,8863,9328.0
432840,HANARO 미국S&P500,9089.0,11600.0,27.63,11676,8918,230.0
465660,TIGER 일본반도체FACTSET,9611.0,12221.0,27.16,12692,9272,49506.0
411860,KOSEF 독일DAX,8486.0,10764.0,26.84,10783,8441,2509.0
467540,KOSEF 코스닥글로벌,9456.0,11952.0,26.4,12153,9033,873.0
421320,PLUS 우주항공&UAM,8952.0,11281.0,26.02,11854,8549,21561.0
428560,KODEX 미국ETF산업Top10 Indxx,10299.0,12979.0,26.02,13175,10169,2949.0
241180,TIGER 일본니케이225,14495.0,18259.0,25.97,18570,14059,56273.0
292150,TIGER TOP10,8994.0,11318.0,25.84,11964,8826,117402.0
101280,KODEX 일본TOPIX100,14505.0,18217.0,25.59,18245,14336,36820.0
253280,RISE 헬스케어,10171.0,12760.0,25.45,13490,9981,5609.0
157500,TIGER 증권,3248.0,4072.0,25.37,4260,3163,11247.0
394660,TIGER 글로벌자율주행&전기차SOLACTIVE,8250.0,10340.0,25.33,11600,8150,59942.0
139220,TIGER 200 건설,2439.0,3051.0,25.09,3699,2344,195938.0
440910,WON 미국우주항공방산,9365.0,11700.0,24.93,12720,9275,5285.0
307510,TIGER 의료기기,12713.0,15850.0,24.68,18596,12463,4197.0
117680,KODEX 철강,7283.0,9079.0,24.66,10646,7024,97915.0
117700,KODEX 건설,2589.0,3225.0,24.57,4139,2490,163596.0
429980,SOL 한국형글로벌전기차&2차전지액티브,8045.0,10021.0,24.56,11779,7928,3169.0
391670,HK 베스트일레븐액티브,6990.0,8700.0,24.46,8955,0,231.0
444200,SOL KEDI메가테크액티브,9993.0,12435.0,24.44,13210,9892,6816.0
453660,KODEX 미국S&P500경기소비재,9983.0,12416.0,24.37,12767,9789,16360.0
453650,KODEX 미국S&P500금융,9887.0,12268.0,24.08,12267,9636,15385.0
441680,TIGER 미국나스닥100커버드콜(합성),7042.0,8737.0,24.07,8751,6853,247073.0
447620,SOL 미국TOP5채권혼합40 Solactive,9376.0,11625.0,23.99,11699,9216,17699.0
325010,KODEX 성장주,11882.0,14731.0,23.98,15362,11645,61715.0
305720,KODEX 2차전지산업,18446.0,22848.0,23.86,40899,17498,2230476.0
292500,SOL KRX300,13215.0,16368.0,23.86,16945,12999,1500.0
292730,FOCUS KRX300,13427.0,16620.0,23.78,17336,13268,17.0
424460,HANARO 글로벌워터MSCI(합성),9345.0,11550.0,23.6,11875,9275,336.0
363580,KODEX 200IT TR,9925.0,12245.0,23.38,13090,9725,28452.0
442260,마이티 다이나믹퀀트액티브,9665.0,11920.0,23.33,13718,9461,3549.0
139260,TIGER 200 IT,25579.0,31546.0,23.33,33701,25029,92185.0
367740,HANARO Fn5G산업,9675.0,11923.0,23.24,12304,9544,928.0
304760,HANARO KRX300,12870.0,15845.0,23.12,16530,12600,1384.0
427110,RISE 창업투자회사,6015.0,7405.0,23.11,7580,5040,3065.0
407820,에셋플러스 코리아플랫폼액티브,5835.0,7170.0,22.88,7580,5760,5824.0
292190,KODEX KRX300,13089.0,16083.0,22.87,16858,12863,8375.0
269540,PLUS 미국S&P500(H),15803.0,19416.0,22.86,19545,15718,11016.0
266420,KODEX 헬스케어,11332.0,13923.0,22.86,14914,10628,127414.0
275280,KODEX MSCI모멘텀,8991.0,11040.0,22.79,14436,8917,1175.0
376410,TIGER 탄소효율그린뉴딜,6939.0,8517.0,22.74,8899,6802,22133.0
375760,HANARO 탄소효율그린뉴딜,6913.0,8480.0,22.67,8834,6764,2002.0
379790,RISE 유로스탁스50(H),9975.0,12235.0,22.66,12545,9960,3654.0
292050,RISE KRX300,13425.0,16452.0,22.55,17255,13158,2551.0
375770,KODEX 탄소효율그린뉴딜,7027.0,8608.0,22.5,8956,6910,1817.0
453950,TIGER TSMC파운드리밸류체인,9880.0,12090.0,22.37,13500,9195,84134.0
448290,TIGER 미국S&P500TR(H),9455.0,11560.0,22.26,11640,9400,128098.0
159800,마이티 코스피100,21524.0,26311.0,22.24,27673,21130,259.0
332940,HANARO MSCI Korea TR,12095.0,14765.0,22.08,15340,11885,121.0
449180,KODEX 미국S&P500(H),9184.0,11210.0,22.06,11290,9144,146505.0
427120,RISE 플랫폼테마,6350.0,7750.0,22.05,8445,5535,4381.0
292160,TIGER KRX300,13273.0,16193.0,22.0,16892,13133,546.0
122090,PLUS 코스피50,19332.0,23584.0,21.99,24848,19001,9398.0
438100,ACE 미국나스닥100채권혼합액티브,9025.0,11000.0,21.88,11190,8855,4599.0
441800,TIMEFOLIO Korea플러스배당액티브,8285.0,10096.0,21.86,10482,8070,17491.0
469050,RISE 미국반도체NYSE(H),9885.0,12031.0,21.71,12554,9404,103876.0
449780,KOSEF 미국S&P500(H),9986.0,12150.0,21.67,12275,9841,13088.0
395760,PLUS ESG성장주액티브,6785.0,8251.0,21.61,8952,6660,27935.0
450120,KOSEF SK그룹대표주,9205.0,11189.0,21.55,11751,8887,1954.0
434730,HANARO 원자력iSelect,9268.0,11249.0,21.37,12419,9011,16866.0
445690,BNK 주주가치액티브,10335.0,12540.0,21.34,13030,10130,2470.0
237350,KODEX 코스피100,21832.0,26478.0,21.28,27776,21495,5873.0
166400,TIGER 200커버드콜OTM,9880.0,11981.0,21.27,12332,9664,3850.0
138540,TIGER 현대차그룹+펀더멘털,18740.0,22715.0,21.21,24708,18359,48675.0
453810,KODEX 인도Nifty50,9829.0,11906.0,21.13,11988,9784,217761.0
407160,KCGI 테크미디어텔레콤액티브,7460.0,9035.0,21.11,9205,7360,1265.0
310970,TIGER MSCI Korea TR,12120.0,14670.0,21.04,15410,11905,494577.0
332930,HANARO 200TR,35880.0,43425.0,21.03,45570,35175,14048.0
278540,KODEX MSCI Korea TR,9665.0,11695.0,21.0,12245,9490,155760.0
139230,TIGER 200 중공업,2796.0,3383.0,20.99,4189,2675,492124.0
140950,파워 코스피100,21352.0,25832.0,20.98,27032,21015,248.0
361580,RISE 200TR,15505.0,18750.0,20.93,19720,15215,20991.0
276990,KODEX 글로벌로봇(합성),13935.0,16850.0,20.92,18000,13750,8986.0
102110,TIGER 200,28136.0,34020.0,20.91,35771,27626,980414.0
373490,KODEX K-이노베이션액티브,8799.0,10639.0,20.91,11560,8669,777.0
148020,RISE 200,28289.0,34197.0,20.88,35951,27745,514200.0
105190,ACE 200,28543.0,34500.0,20.87,36242,27984,56121.0
435550,히어로즈 TDF2050액티브,9640.0,11650.0,20.85,11650,9575,905.0
434960,DAISHIN343 K200,28214.0,34090.0,20.83,35699,27695,4883.0
152100,PLUS 200,28536.0,34481.0,20.83,36275,27975,184488.0
294400,KOSEF 200TR,35855.0,43320.0,20.82,45535,35140,413942.0
069660,KOSEF 200,28124.0,33973.0,20.8,35710,27568,27542.0
108590,TREX 200,28469.0,34386.0,20.78,36151,27930,324.0
195930,TIGER 유로스탁스50(합성 H),13195.0,15935.0,20.77,16200,13165,31875.0
448100,WON 200,28510.0,34430.0,20.76,36121,27992,2136.0
278530,KODEX 200TR,9860.0,11905.0,20.74,12515,9665,534153.0
453870,TIGER 인도니프티50,9608.0,11597.0,20.7,11633,9523,271891.0
152870,파워 200,28351.0,34209.0,20.66,35956,27806,966.0
332500,ACE 200TR,18430.0,22235.0,20.65,23365,18050,9404.0
329670,KODEX TRF7030,12530.0,15115.0,20.63,15115,12325,5587.0
310960,TIGER 200TR,16045.0,19355.0,20.63,20385,15745,3592.0
293180,HANARO 200,28232.0,34052.0,20.61,35805,27661,102934.0
295040,SOL 200TR,10265.0,12380.0,20.6,13020,10060,94247.0
069500,KODEX 200,28162.0,33959.0,20.58,35721,27631,6169466.0
200250,KOSEF 인도Nifty50(합성),18370.0,22125.0,20.44,22230,17330,113985.0
153270,KOSEF 코스피100,21244.0,25585.0,20.43,26942,20872,730.0
438740,마이다스 중소형액티브,18075.0,21760.0,20.39,28190,17770,352.0
433880,PLUS TDF2060액티브,9715.0,11695.0,20.38,11730,9675,795.0
219480,KODEX 미국S&P500선물(H),18315.0,22045.0,20.37,22250,18170,48344.0
100910,KOSEF KRX100,4418.0,5318.0,20.37,5572,4339,1582.0
433250,UNICORN R&D 액티브,9550.0,11495.0,20.37,12035,9350,8182.0
143860,TIGER 헬스케어,25850.0,31079.0,20.23,33064,24112,87397.0
385710,TIMEFOLIO K이노베이션액티브,7145.0,8590.0,20.22,10250,6840,8304.0
145850,TREX 펀더멘탈 200,30136.0,36227.0,20.21,37780,30134,7.0
143850,TIGER 미국S&P500선물(H),44470.0,53435.0,20.16,53910,43955,335733.0
156080,KODEX MSCI Korea,13467.0,16177.0,20.12,16923,13186,360.0
091180,KODEX 자동차,14769.0,17738.0,20.1,19527,14502,260441.0
426330,KOSEF 미국ETF산업STOXX,9646.0,11585.0,20.1,11775,9447,556.0
325020,KODEX 배당가치,10153.0,12189.0,20.05,12858,9949,97721.0
435420,TIGER 미국나스닥100TR채권혼합Fn,9378.0,11246.0,19.92,11638,9324,15470.0
434060,KODEX TDF2050액티브,9688.0,11613.0,19.87,11681,9609,14320.0
245340,TIGER 미국다우존스30,20092.0,24071.0,19.8,24070,19455,17275.0
266160,RISE 고배당,9905.0,11863.0,19.77,12402,9740,29501.0
289040,KODEX MSCI KOREA ESG유니버설,8515.0,10183.0,19.59,10521,8375,184.0
469060,RISE 미국반도체NYSE,9838.0,11738.0,19.31,12055,9330,86966.0
461580,TIGER 코스닥글로벌,9680.0,11549.0,19.31,12611,8703,11420.0
453330,RISE 미국S&P500(H),9871.0,11776.0,19.3,11858,9811,16596.0
435540,히어로즈 TDF2040액티브,9665.0,11525.0,19.24,11535,9605,232.0
385520,KODEX K-미래차액티브,7889.0,9403.0,19.19,10773,7721,31518.0
463250,TIGER 우주방산,9993.0,11900.0,19.08,12373,8892,139996.0
433500,ACE 원자력테마딥서치,9850.0,11726.0,19.05,12570,9565,41623.0
442570,RISE TDF2050액티브,9305.0,11075.0,19.02,11315,9245,2616.0
223190,KODEX 200가치저변동,8279.0,9853.0,19.01,10324,8118,9876.0
275290,KODEX MSCI밸류,9185.0,10925.0,18.94,11293,9175,2250.0
450190,KODEX 한중반도체(합성),9510.0,11310.0,18.93,12395,9445,435.0
433870,PLUS TDF2050액티브,9580.0,11380.0,18.79,11410,9515,507.0
364690,KODEX 혁신기술테마액티브,10175.0,12073.0,18.65,12828,10042,1658.0
244660,KODEX 퀄리티Plus,7095.0,8408.0,18.51,8648,0,1826.0
413930,WON AI ESG액티브,7480.0,8860.0,18.45,9270,7360,2541.0
337160,KODEX 200ESG,10285.0,12182.0,18.44,12751,10065,5452.0
449690,TIGER 한중반도체(합성),9420.0,11140.0,18.26,12275,9325,1671.0
469790,KOSEF K-테크TOP10,9568.0,11315.0,18.26,11628,9303,46525.0
452440,VITA 밸류알파액티브,9949.0,11764.0,18.24,12036,9562,57884.0
280920,PLUS 주도업종,7547.0,8923.0,18.23,9423,7426,1351.0
275300,KODEX MSCI퀄리티,7247.0,8566.0,18.2,9099,7106,623.0
451150,에셋플러스 글로벌영에이지액티브,9890.0,11690.0,18.2,11900,9890,3494.0
385590,ACE ESG액티브,6359.0,7506.0,18.04,8049,6270,1286.0
322410,HANARO 고배당,9494.0,11202.0,17.99,11405,9285,1863.0
275980,TIGER 글로벌4차산업혁신기술(합성 H),14020.0,16530.0,17.9,17360,13755,18731.0
403790,마이다스 코스피액티브,16530.0,19475.0,17.82,20340,16195,200.0
227830,PLUS 코스피,22256.0,26206.0,17.75,27256,21839,754.0
442560,RISE TDF2040액티브,9365.0,11015.0,17.62,11110,9285,1170.0
289250,TIGER MSCI KOREA ESG유니버설,8558.0,10058.0,17.53,10477,8410,397.0
407310,HANARO 200 TOP10,6887.0,8087.0,17.42,9185,6758,28517.0
328370,PLUS 코스피TR,11685.0,13715.0,17.37,14290,11460,159771.0
185680,KODEX 미국S&P바이오(합성),22740.0,26660.0,17.24,26735,18905,3424.0
359210,KODEX 코스피TR,10740.0,12585.0,17.18,13140,10500,31686.0
200030,KODEX 미국S&P500산업재(합성),21805.0,25545.0,17.15,26090,20885,3303.0
234310,RISE V&S셀렉트밸류,11824.0,13849.0,17.13,14476,11666,151.0
385560,RISE KIS국고채30년Enhanced,60987.0,71430.0,17.12,72770,54499,78687.0
433980,KODEX TDF2040액티브,9766.0,11436.0,17.1,11453,9686,2172.0
102970,KODEX 증권,5216.0,6108.0,17.1,6456,5108,67318.0
417630,TIGER KEDI혁신기업ESG30,8832.0,10340.0,17.07,11021,8656,40983.0
445910,TIGER MKF배당귀족,9865.0,11548.0,17.06,11976,9617,7184.0
337140,KODEX 코스피대형주,10398.0,12170.0,17.04,12744,10195,6576.0
305050,ACE 코스피,22372.0,26156.0,16.91,27274,21917,1899.0
277640,TIGER 코스피대형주,10753.0,12563.0,16.83,13179,10534,792.0
289480,TIGER 200커버드콜,6860.0,8013.0,16.81,8051,6689,34757.0
277630,TIGER 코스피,22390.0,26143.0,16.76,27229,21916,73692.0
464920,PLUS 일본반도체소부장,10150.0,11850.0,16.75,12255,9300,52683.0
411540,SOL 200 Top10,7055.0,8232.0,16.68,9370,6926,1991.0
226490,KODEX 코스피,22089.0,25762.0,16.63,26936,21628,167021.0
395750,PLUS ESG가치주액티브,6956.0,8106.0,16.53,8459,6827,28610.0
337120,KODEX 멀티팩터,10476.0,12206.0,16.51,12677,0,3271.0
302450,RISE 코스피,22411.0,26076.0,16.35,27329,21965,47391.0
291680,RISE 차이나H선물인버스(H),12500.0,14500.0,16.0,14580,10490,2523.0
329660,KODEX TRF5050,11605.0,13460.0,15.98,13460,11470,5140.0
429010,TIGER 미국나스닥넥스트100,9620.0,11155.0,15.96,11280,9605,1019.0
245710,ACE 베트남VN30(합성),15455.0,17920.0,15.95,20280,15125,195573.0
461910,PLUS 미국테크TOP10레버리지(합성),10085.0,11690.0,15.91,11890,9280,55922.0
461450,KODEX 코스닥글로벌,9683.0,11224.0,15.91,12761,8700,39058.0
435530,히어로즈 TDF2030액티브,9595.0,11120.0,15.89,11165,9530,324.0
447660,PLUS 애플채권혼합,9465.0,10967.0,15.87,11301,9181,11511.0
138520,TIGER 삼성그룹펀더멘털,9861.0,11418.0,15.79,12055,9676,21908.0
183710,RISE 주식혼합,33340.0,38570.0,15.69,39714,33084,29.0
365040,TIGER AI코리아그로스액티브,10400.0,12020.0,15.58,12539,10179,6927.0
140710,KODEX 운송,4408.0,5093.0,15.54,5175,3769,49888.0
189400,PLUS 글로벌MSCI(합성 H),14605.0,16865.0,15.47,17230,14320,308.0
270800,RISE KQ고배당,10824.0,12494.0,15.43,12987,10670,963.0
290130,RISE ESG사회책임투자,9443.0,10894.0,15.37,11343,9283,15424.0
211560,TIGER 배당성장,14255.0,16441.0,15.33,17240,13962,6378.0
104530,KOSEF 고배당,7215.0,8306.0,15.12,8563,7075,9554.0
147970,TIGER 모멘텀,20775.0,23916.0,15.12,25257,20213,1550.0
387280,TIGER 퓨처모빌리티액티브,7972.0,9170.0,15.03,11992,7837,17048.0
139240,TIGER 200 철강소재,7337.0,8439.0,15.02,10392,7068,15787.0
211900,KODEX 배당성장,11496.0,13214.0,14.94,13794,11248,9626.0
442550,RISE TDF2030액티브,9470.0,10880.0,14.89,11005,9400,1368.0
439870,KODEX 국고채30년액티브,93320.0,107165.0,14.84,109260,87000,12525.0
461340,HANARO 글로벌생성형AI액티브,9915.0,11375.0,14.73,11440,9490,10328.0
438080,ACE 미국S&P500채권혼합액티브,9280.0,10645.0,14.71,10810,9010,7716.0
433970,KODEX TDF2030액티브,9712.0,11137.0,14.67,11168,9712,5315.0
227550,TIGER 200 산업재,5691.0,6504.0,14.29,6691,5178,4318.0
471460,히어로즈 국고채30년액티브,50185.0,57344.0,14.27,59382,49780,13783.0
385720,TIMEFOLIO 코스피액티브,7630.0,8715.0,14.22,9210,7450,85717.0
441540,HANARO Fn조선해운,8921.0,10185.0,14.17,12596,8456,188046.0
337150,KODEX 200exTOP,9754.0,11122.0,14.03,11573,0,835.0
448330,KODEX 삼성전자채권혼합,9706.0,11061.0,13.96,11268,9671,24062.0
195970,PLUS 선진국MSCI(합성 H),9920.0,11280.0,13.71,11595,9905,20696.0
395170,KODEX Top10동일가중,6582.0,7484.0,13.7,8764,6454,30741.0
395290,HANARO Fn K-POP&미디어,7883.0,8962.0,13.69,11432,7578,167837.0
457480,ACE 테슬라밸류체인액티브,10005.0,11375.0,13.69,14045,9665,519721.0
261140,TIGER 우선주,9373.0,10649.0,13.61,11483,9237,5300.0
284980,RISE 200금융,7092.0,8052.0,13.54,8459,6995,2778.0
251590,PLUS 고배당저변동50,9586.0,10881.0,13.51,11158,9389,15296.0
447430,ACE 주주환원가치주액티브,9531.0,10813.0,13.45,11177,9335,2355.0
228820,TIGER KTOP30,7558.0,8563.0,13.3,9294,7445,1868.0
229720,KODEX KTOP30,15124.0,17134.0,13.29,18605,14867,2016.0
402460,HANARO Fn K-메타버스MZ,6593.0,7468.0,13.27,7927,6517,2251.0
161510,PLUS 고배당주,9748.0,11027.0,13.12,11401,9574,179469.0
354350,HANARO 글로벌럭셔리S&P(합성),15875.0,17945.0,13.04,20100,15600,10614.0
411060,ACE KRX금현물,10885.0,12295.0,12.95,12590,10715,64998.0
139270,TIGER 200 금융,5391.0,6079.0,12.76,6401,5302,20290.0
368680,KODEX K-뉴딜디지털플러스,7975.0,8993.0,12.76,10516,7260,2106.0
381560,HANARO Fn전기&수소차,7338.0,8263.0,12.61,10609,7142,17892.0
140700,KODEX 보험,6573.0,7401.0,12.6,8218,6425,61035.0
445150,KODEX K-친환경조선해운액티브,9506.0,10702.0,12.58,12852,9040,67743.0
140570,RISE 수출주,9495.0,10683.0,12.51,13691,9273,2293.0
217780,TIGER 차이나CSI300인버스(합성),8735.0,9825.0,12.48,9950,7590,11478.0
368190,HANARO Fn K-뉴딜디지털플러스,7936.0,8922.0,12.42,10459,7186,2699.0
375270,RISE 글로벌데이터센터리츠(합성),9725.0,10930.0,12.39,11125,9000,1051.0
226980,KODEX 200 중소형,10502.0,11800.0,12.36,12221,10231,8618.0
453640,KODEX 미국S&P500헬스케어,9957.0,11173.0,12.21,11184,9642,9954.0
091220,TIGER 은행,5638.0,6325.0,12.19,6925,5508,24852.0
394350,KOSEF 글로벌퓨처모빌리티,8195.0,9190.0,12.14,11225,8060,3196.0
245350,TIGER 유로스탁스배당30,9671.0,10841.0,12.1,10886,9378,2675.0
192720,파워 고배당저변동성,24900.0,27907.0,12.08,28940,24378,361.0
225800,KOSEF 미국달러선물레버리지,11050.0,12385.0,12.08,13110,10120,6777.0
464060,HANARO 글로벌반도체TOP10 SOLACTIVE,9826.0,11012.0,12.07,11306,8848,3573.0
433860,PLUS TDF2040액티브,9810.0,10990.0,12.03,11100,9700,362.0
210780,TIGER 코스피고배당,11485.0,12865.0,12.02,13301,11249,23074.0
261250,KODEX 미국달러선물레버리지,11570.0,12960.0,12.01,13725,10590,112194.0
354240,RISE 미국고정배당우선증권 TR,9210.0,10315.0,12.0,10555,9005,3516.0
091170,KODEX 은행,5416.0,6065.0,11.98,6655,5298,375469.0
157490,TIGER 소프트웨어,8621.0,9649.0,11.92,10448,7429,138781.0
182480,TIGER 미국MSCI리츠(합성 H),10781.0,12066.0,11.92,12262,9784,35810.0
266550,PLUS 중형주저변동50,9470.0,10597.0,11.9,10951,9258,180.0
203780,TIGER 미국나스닥바이오,19647.0,21955.0,11.75,21955,17765,7415.0
422260,VITA MZ소비액티브,7535.0,8420.0,11.75,9255,7270,47894.0
307520,TIGER 지주회사,8586.0,9581.0,11.59,9839,7951,3204.0
437070,KODEX 아시아달러채권ESG플러스액티브,47200.0,52655.0,11.56,52790,46850,894.0
437550,히어로즈 글로벌리츠이지스액티브,8443.0,9417.0,11.54,11232,7789,569.0
433850,PLUS TDF2030액티브,9855.0,10990.0,11.52,13340,9500,660.0
459790,히어로즈 미국성장기업30액티브,9905.0,11045.0,11.51,11100,9875,1549.0
117460,KODEX 에너지화학,13794.0,15380.0,11.5,22692,13401,17401.0
329650,KODEX TRF3070,10640.0,11860.0,11.47,11895,10625,37605.0
227540,TIGER 200 헬스케어,16805.0,18712.0,11.35,20169,14900,26997.0
429000,TIGER 미국S&P500배당귀족,9419.0,10480.0,11.26,10875,9142,52869.0
261110,TIGER 미국달러선물레버리지,11720.0,13015.0,11.05,13800,10760,6358.0
244580,KODEX 바이오,7581.0,8417.0,11.03,8864,6849,364995.0
289260,TIGER MSCI KOREA ESG리더스,7643.0,8483.0,10.99,9207,7440,2368.0
131890,ACE 삼성그룹동일가중,14671.0,16272.0,10.91,17045,14517,369.0
458730,TIGER 미국배당다우존스,9432.0,10452.0,10.81,10452,9246,522769.0
225130,ACE 골드선물 레버리지(합성 H),15155.0,16765.0,10.62,18895,14020,4643.0
252650,KODEX 200동일가중,9437.0,10437.0,10.6,10716,9206,6504.0
346000,HANARO KAP초장기국고채,34180.0,37777.0,10.52,38784,32446,1925.0
269530,PLUS S&P글로벌인프라,12385.0,13688.0,10.52,14505,11758,4603.0
252000,TIGER 200동일가중,9832.0,10866.0,10.52,11140,9691,9726.0
441640,KODEX 미국배당커버드콜액티브,8457.0,9340.0,10.44,9340,8097,324787.0
253290,RISE 헬스케어채권혼합,10331.0,11407.0,10.42,11663,10130,6108.0
440340,TIGER 글로벌멀티에셋TIF액티브,8642.0,9536.0,10.34,9569,8537,6671.0
469160,ACE 일본반도체,9850.0,10865.0,10.3,11125,9050,44407.0
167860,KOSEF 국고채10년레버리지,94024.0,103672.0,10.26,105905,84514,1103.0
285690,FOCUS ESG리더스,9061.0,9991.0,10.26,10432,8879,62.0
139290,TIGER 200 경기소비재,12967.0,14297.0,10.26,15363,12758,1061.0
364970,TIGER 바이오TOP10,5875.0,6474.0,10.2,7102,5036,316891.0
466950,TIGER 글로벌AI액티브,9975.0,10985.0,10.13,11020,9095,121991.0
437350,RISE 미국단기투자등급회사채액티브,9520.0,10480.0,10.08,10750,9345,5245.0
400970,TIGER Fn메타버스,7153.0,7867.0,9.98,9418,7028,231175.0
244670,KODEX 밸류Plus,7539.0,8276.0,9.78,8611,7387,6243.0
280930,KODEX 미국러셀2000(H),11215.0,12305.0,9.72,13055,10240,14142.0
183700,RISE 채권혼합,54121.0,59352.0,9.67,60134,53939,90.0
363570,KODEX 장기종합채권(AA-이상)액티브,84535.0,92660.0,9.61,93685,83490,287.0
463680,KODEX 미국S&P500테크놀로지,9911.0,10859.0,9.57,11025,9404,44781.0
315270,TIGER 200커뮤니케이션서비스,16651.0,18242.0,9.55,19407,14883,3255.0
451060,1Q K200액티브,9940.0,10885.0,9.51,11440,9480,37584.0
316300,ACE 싱가포르리츠,11229.0,12296.0,9.5,13007,10557,3662.0
430500,KOSEF 물가채KIS,99172.0,108598.0,9.5,109496,99137,266.0
241390,RISE V&S셀렉트밸류채권혼합,10469.0,11463.0,9.49,11915,10365,2723.0
458750,TIGER 미국배당다우존스타겟커버드콜1호,9028.0,9874.0,9.37,9992,8845,65964.0
457700,KODEX 53-09 국고채액티브,9970.0,10900.0,9.33,11170,8915,68149.0
105780,RISE 5대그룹주,5521.0,6025.0,9.13,6748,5388,21336.0
281990,RISE 중소형고배당,9790.0,10678.0,9.07,11494,9530,851.0
269420,KODEX S&P글로벌인프라(합성),13295.0,14490.0,8.99,15005,12680,14800.0
463690,KODEX 미국S&P500커뮤니케이션,9893.0,10777.0,8.94,10777,9565,3402.0
461900,PLUS 미국테크TOP10,10040.0,10935.0,8.91,11125,9665,10983.0
426150,WON 대한민국국고채액티브,49155.0,53515.0,8.87,53960,48550,1051.0
332620,PLUS 미국장기우량회사채,81870.0,89100.0,8.83,115000,77450,2941.0
459750,RISE 글로벌주식분산액티브,9940.0,10815.0,8.8,10815,9685,6720.0
448490,HANARO 32-10 국고채액티브,48659.0,52937.0,8.79,53493,47674,4026.0
452360,SOL 미국배당다우존스(H),9523.0,10356.0,8.75,10356,9000,276019.0
401170,RISE 메타버스,6379.0,6935.0,8.72,7920,5930,84968.0
269370,TIGER S&P글로벌인프라(합성),10785.0,11725.0,8.72,12065,10259,1146.0
352560,KODEX 미국부동산리츠(H),10635.0,11555.0,8.65,12356,9187,7508.0
182490,TIGER 단기선진하이일드(합성 H),11378.0,12361.0,8.64,12871,11310,2728.0
440650,ACE 미국달러단기채권액티브,9460.0,10275.0,8.62,10500,9140,12874.0
284430,KODEX 200미국채혼합,11450.0,12425.0,8.52,12695,11250,22844.0
138230,KOSEF 미국달러선물,12967.0,14065.0,8.47,14380,12434,6281.0
436140,SOL 종합채권(AA-이상)액티브,97600.0,105850.0,8.45,106360,96500,722.0
402970,ACE 미국배당다우존스,9751.0,10571.0,8.41,10571,9208,381597.0
468630,KODEX iShares미국투자등급회사채액티브,9458.0,10252.0,8.4,10304,9363,39938.0
364980,TIGER 2차전지TOP10,13510.0,14637.0,8.34,26927,12410,649982.0
438330,TIGER 투자등급회사채액티브,99590.0,107875.0,8.32,109105,99550,1866.0
261240,KODEX 미국달러선물,11375.0,12320.0,8.31,12625,10915,107186.0
273130,KODEX 종합채권(AA-이상)액티브,101140.0,109380.0,8.15,109855,99000,14983.0
356540,ACE 종합채권(AA-이상)KIS액티브,92445.0,99940.0,8.11,100480,92445,4735.0
458760,TIGER 미국배당다우존스타겟커버드콜2호,8489.0,9173.0,8.06,9173,8272,465941.0
329750,TIGER 미국달러단기채권액티브,10449.0,11289.0,8.04,11548,9996,140424.0
228790,TIGER 화장품,2251.0,2431.0,8.0,2699,1983,646121.0
472490,HANARO 미국애그테크,9547.0,10309.0,7.98,10601,9446,1967.0
385540,RISE 종합채권(A-이상)액티브,93745.0,101220.0,7.97,101875,93745,2864.0
438570,SOL 국고채10년,93876.0,101243.0,7.85,104084,92513,2621.0
277650,TIGER 코스피중형주,12647.0,13630.0,7.77,14477,12355,2017.0
290080,RISE 200고배당커버드콜ATM,6249.0,6732.0,7.73,7019,5934,13723.0
148070,KOSEF 국고채10년,99903.0,107617.0,7.72,108664,98446,17824.0
365780,ACE 국고채10년,78685.0,84710.0,7.66,86000,77631,6775.0
227570,TIGER 우량가치,9901.0,10657.0,7.64,11005,9660,8193.0
248270,TIGER S&P글로벌헬스케어(합성),19700.0,21200.0,7.61,21200,17900,4262.0
332610,PLUS 미국단기회사채(AAA~A),104520.0,112455.0,7.59,114150,100700,328.0
251600,PLUS 고배당주채권혼합,9967.0,10718.0,7.53,10871,9586,6335.0
237370,KODEX 배당성장채권혼합,11283.0,12130.0,7.51,13055,11040,5755.0
140580,RISE 우량업종대표주,9621.0,10336.0,7.43,10706,9254,194.0
136340,RISE 중기우량회사채,94363.0,101333.0,7.39,108259,92863,1176.0
439860,KODEX ESG종합채권(A-이상)액티브,99980.0,107310.0,7.33,107650,0,7.0
336160,RISE 금융채액티브,90907.0,97562.0,7.32,100544,85386,85.0
459560,KODEX 테슬라밸류체인FactSet,9905.0,10629.0,7.31,11209,9246,56956.0
446720,SOL 미국배당다우존스,8931.0,9579.0,7.26,9579,8355,493278.0
102780,KODEX 삼성그룹,8212.0,8783.0,6.95,9488,8050,290008.0
272910,ACE 중장기국공채액티브,94630.0,101155.0,6.9,101525,94470,136.0
448600,RISE 25-11 회사채(AA-이상)액티브,47031.0,50277.0,6.9,50608,46234,13262.0
152380,KODEX 국채선물10년,61775.0,66005.0,6.85,66715,60290,11228.0
321410,KODEX 멀티에셋하이인컴(H),8960.0,9560.0,6.7,9665,8710,87.0
465610,ACE 미국빅테크TOP7 Plus레버리지(합성),10310.0,10980.0,6.5,11075,8510,52301.0
460960,ACE 글로벌인컴TOP10 SOLACTIVE,8886.0,9461.0,6.47,9461,8718,12664.0
461500,HANARO 종합채권(AA-이상)액티브,99690.0,106100.0,6.43,106560,99690,82.0
295000,RISE 국채선물10년,49210.0,52370.0,6.42,53895,47750,4692.0
108450,ACE 삼성그룹섹터가중,13765.0,14641.0,6.36,16266,13419,12951.0
461490,RISE 글로벌자산배분액티브,10000.0,10635.0,6.35,10705,9900,4358.0
302190,TIGER 중장기국채,46366.0,49254.0,6.23,51804,46366,10933.0
213610,KODEX 삼성그룹밸류,8028.0,8526.0,6.2,9374,7815,27585.0
289670,PLUS 국채선물10년,49985.0,53030.0,6.09,53640,48510,1811.0
104520,KOSEF 블루칩,7288.0,7731.0,6.08,8100,6824,4501.0
451000,PLUS 종합채권(AA-이상)액티브,100765.0,106670.0,5.86,107575,99985,114.0
266360,KODEX 미디어&엔터테인먼트,12343.0,13045.0,5.69,14724,10446,28113.0
279530,KODEX 고배당,8194.0,8660.0,5.69,8942,7928,28934.0
272570,RISE 중장기국공채액티브,98475.0,103995.0,5.61,109800,98475,217.0
471230,KODEX 국고채10년액티브,100080.0,105665.0,5.58,106675,99725,86015.0
174350,TIGER 로우볼,10423.0,11002.0,5.56,11317,9451,10535.0
319640,TIGER 골드선물(H),13000.0,13715.0,5.5,14355,12355,23138.0
469150,ACE AI반도체포커스,11119.0,11723.0,5.43,12326,9926,72779.0
465350,RISE 2차전지TOP10인버스(합성),21070.0,22205.0,5.39,28965,19820,2268779.0
238670,PLUS 스마트베타Quality채권혼합,10116.0,10659.0,5.37,10798,10071,956.0
460270,히어로즈 미국달러SOFR금리액티브(합성),10080.0,10620.0,5.36,10900,9960,10267.0
455660,ACE 미국하이일드액티브(H),9010.0,9486.0,5.28,9577,8735,5250.0
448630,RISE 삼성그룹Top3채권혼합,9534.0,10030.0,5.2,10374,9468,17698.0
419890,히어로즈 단기채권ESG액티브,96967.0,101996.0,5.19,101996,0,43659.0
181480,ACE 미국부동산리츠(합성 H),75322.0,79232.0,5.19,83943,63348,135.0
304670,KODEX 미국30년국채울트라선물인버스(H),10245.0,10775.0,5.17,12640,9445,5346.0
401470,KODEX K-메타버스액티브,7363.0,7744.0,5.17,9181,6895,143310.0
471040,KoAct 글로벌AI&로봇액티브,10085.0,10605.0,5.16,10775,9840,89428.0
114260,KODEX 국고채3년,56355.0,59220.0,5.08,59590,56005,7926.0
377990,TIGER Fn신재생에너지,8416.0,8842.0,5.06,11050,7594,32390.0
261920,ACE 필리핀MSCI(합성),12890.0,13540.0,5.04,13970,11850,174.0
132030,KODEX 골드선물(H),12220.0,12835.0,5.03,13425,11605,149471.0
468380,KODEX iShares미국하이일드액티브,9234.0,9696.0,5.0,9734,9121,270164.0
414270,ACE 글로벌자율주행액티브,7710.0,8090.0,4.93,10025,7525,41458.0
438560,SOL 국고채3년,92546.0,97107.0,4.93,97443,92531,410.0
397420,RISE 국채선물5년추종,47065.0,49380.0,4.92,49640,47045,7732.0
451600,PLUS 국고채30년액티브,98275.0,103095.0,4.9,105005,83890,343.0
114470,KOSEF 국고채3년,100916.0,105832.0,4.87,106044,99234,2200.0
114460,ACE 국고채3년,94652.0,99219.0,4.83,99404,93421,883.0
472160,TIGER 미국테크TOP10 INDXX(H),9795.0,10265.0,4.8,10670,9755,249001.0
465670,TIGER 미국캐시카우100,9782.0,10249.0,4.77,10442,9194,46052.0
114100,RISE 국고채3년,100440.0,105215.0,4.75,107019,100346,1018.0
114820,TIGER 국채3년,98408.0,103086.0,4.75,104293,95765,1737.0
256440,ACE 인도네시아MSCI(합성),9980.0,10450.0,4.71,12120,9350,13554.0
390400,KODEX 미국스마트모빌리티S&P,5391.0,5644.0,4.69,7087,4951,4919.0
464310,TIGER 글로벌AI&로보틱스 INDXX,9985.0,10450.0,4.66,10730,8695,134923.0
239660,PLUS 우량회사채50,109445.0,114475.0,4.6,114500,109445,1049.0
385550,RISE 단기종합채권(AA-이상)액티브,102180.0,106865.0,4.59,108320,97500,3362.0
465580,ACE 미국빅테크TOP7 Plus,10160.0,10620.0,4.53,10625,9265,833885.0
462340,에셋플러스 글로벌다이나믹시니어액티브,9850.0,10290.0,4.47,10290,9250,5338.0
460660,RISE 미국S&P배당킹,9477.0,9892.0,4.38,10489,8933,47434.0
432600,RISE 국채선물3년,50590.0,52805.0,4.38,52975,50585,6178.0
451540,TIGER 종합채권(AA-이상)액티브,50110.0,52265.0,4.3,52545,48890,6075.0
122260,KOSEF 통안채1년,95143.0,99197.0,4.26,101939,95118,1050.0
298340,PLUS 국채선물3년,51970.0,54185.0,4.26,54325,51935,342.0
440640,ACE 단기채권알파액티브,100865.0,105140.0,4.24,105145,100830,5707.0
278620,PLUS 단기채권액티브,106970.0,111480.0,4.22,111500,0,1323.0
279540,KODEX 최소변동성,9807.0,10220.0,4.21,10719,9248,1256.0
464470,PLUS 미국채30년액티브,49105.0,51155.0,4.17,52540,44490,6821.0
437080,KODEX 미국종합채권ESG액티브(H),95330.0,99295.0,4.16,100670,92170,2379.0
272560,RISE 단기국공채액티브,103420.0,107700.0,4.14,107700,103410,3534.0
461460,PLUS 국고채10년액티브,50055.0,52115.0,4.12,55300,47710,1788.0
470310,UNICORN 생성형AI강소기업액티브,9855.0,10260.0,4.11,10400,9330,177439.0
473380,HANARO K-메디테크,10475.0,10900.0,4.06,10935,10225,6329.0
237440,TIGER 경기방어채권혼합,8586.0,8934.0,4.05,9120,8343,1759.0
130730,KOSEF 단기자금,94345.0,98106.0,3.99,100065,93551,85198.0
214980,KODEX 단기채권PLUS,105010.0,109160.0,3.95,111070,102745,299784.0
273140,KODEX 단기변동금리부채권액티브,105160.0,109220.0,3.86,109230,105115,85966.0
272580,TIGER 단기채권액티브,51245.0,53195.0,3.81,53240,51000,219924.0
357870,TIGER CD금리투자KIS(합성),51700.0,53630.0,3.73,55000,51695,316501.0
196230,RISE 단기통안채,106360.0,110305.0,3.71,110310,105605,1478031.0
153130,KODEX 단기채권,104510.0,108365.0,3.69,110000,104475,529793.0
423160,KODEX KOFR금리액티브(합성),101705.0,105450.0,3.68,105455,101700,177839.0
449170,TIGER KOFR금리액티브(합성),100310.0,103995.0,3.67,103995,100305,15894.0
400590,SOL 글로벌탄소배출권선물ICE(합성),11720.0,12150.0,3.67,13950,10805,17348.0
190620,ACE 단기통안채,93619.0,97044.0,3.66,98795,84113,749994.0
277540,ACE 아시아TOP50S&P,11495.0,11915.0,3.65,13055,11410,1569.0
157450,TIGER 단기통안채,102075.0,105725.0,3.58,110610,100345,837580.0
363510,SOL KIS단기통안채,102140.0,105775.0,3.56,105775,102140,88.0
390950,HANARO 단기채권액티브,101790.0,105400.0,3.55,105400,101790,26663.0
454780,히어로즈 종합채권(AA-이상)액티브,97166.0,100559.0,3.49,100931,93854,1900.0
267450,RISE 미국장기국채선물인버스(H),9905.0,10245.0,3.43,11755,9265,604.0
453540,TIGER 25-10 회사채(A+이상)액티브,50180.0,51850.0,3.33,51850,50035,41480.0
455030,KODEX 미국달러SOFR금리액티브(합성),10150.0,10485.0,3.3,10820,9810,62925.0
139280,TIGER 경기방어,8815.0,9106.0,3.3,9661,7595,10682.0
373790,KOSEF 미국방어배당성장나스닥,12598.0,13000.0,3.19,15223,11955,4398.0
461270,ACE 26-06 회사채(AA-이상)액티브,10030.0,10345.0,3.14,10545,9945,66085.0
451530,TIGER 국고채30년스트립액티브,50080.0,51645.0,3.12,52800,37350,63602.0
451670,RISE 국채30년레버리지(합성),20315.0,20945.0,3.1,21755,14010,29240.0
352540,KODEX 일본부동산리츠(H),10657.0,10983.0,3.06,11394,9955,9227.0
472170,TIGER 미국테크TOP10채권혼합,9675.0,9968.0,3.03,10158,9630,197484.0
453060,HANARO KOFR금리액티브(합성),100040.0,103045.0,3.0,103050,100035,741.0
465780,마이티 26-09 특수채(AAA)액티브,96804.0,99676.0,2.97,99893,96363,358.0
473490,KOSEF 글로벌AI반도체,9933.0,10227.0,2.96,10227,9584,192808.0
464240,히어로즈 26-09 회사채(AA-이상)액티브,48539.0,49973.0,2.95,50169,48271,20638.0
456610,TIGER 미국달러SOFR금리액티브(합성),49510.0,50965.0,2.94,52155,47505,6121.0
457690,KODEX 33-06 국고채액티브,10040.0,10335.0,2.94,10465,9460,16158.0
455890,RISE 머니마켓액티브,50015.0,51475.0,2.92,51665,50010,82750.0
453010,PLUS KOFR금리,100050.0,102940.0,2.89,102940,100040,5788.0
461260,ACE 25-06 회사채(AA-이상)액티브,10020.0,10305.0,2.84,10305,10005,12476.0
468820,WON 25-09 회사채(AA-이상)액티브,50000.0,51400.0,2.8,51440,49985,7335.0
456200,PLUS 미국달러SOFR금리액티브(합성),49480.0,50860.0,2.79,52050,47615,59.0
458260,TIGER 미국투자등급회사채액티브(H),47107.0,48385.0,2.71,49537,43442,7706.0
469580,RISE KP달러채권액티브,48670.0,49958.0,2.65,50849,47940,6808.0
472920,HK 종합채권(AA-이상)액티브,100220.0,102820.0,2.59,103250,100220,2.0
462900,KoAct 바이오헬스케어액티브,10461.0,10730.0,2.57,11532,8579,435134.0
305080,TIGER 미국채10년선물,11290.0,11580.0,2.57,12165,10960,97111.0
326230,RISE 내수주플러스,7648.0,7840.0,2.51,8108,7054,1922.0
466400,1Q 25-08 회사채(A+이상)액티브,100025.0,102500.0,2.47,102550,99950,11561.0
462540,SOL 25-09 회사채(AA-이상)액티브,50025.0,51250.0,2.45,51255,50015,4753.0
458030,WON 단기국공채액티브,50025.0,51250.0,2.45,51260,50020,1975.0
098560,TIGER 방송통신,6870.0,7029.0,2.31,7295,6071,8203.0
456880,ACE 미국달러SOFR금리(합성),10060.0,10290.0,2.29,11400,9595,27315.0
160580,TIGER 구리실물,9645.0,9865.0,2.28,11000,9200,11759.0
458210,히어로즈 CD금리액티브(합성),100020.0,102295.0,2.27,102310,100020,2791.0
467940,KODEX 25-11 회사채(A+이상)액티브,10035.0,10260.0,2.24,10320,10030,28638.0
459580,KODEX CD금리액티브(합성),1000965.0,1023090.0,2.21,1023090,1000955,769349.0
471780,TIGER 코리아테크액티브,10140.0,10360.0,2.17,11044,9780,131865.0
472150,TIGER 배당커버드콜액티브,9245.0,9444.0,2.15,9604,9186,481480.0
464540,RISE 25-03 회사채(AA-이상)액티브,47834.0,48853.0,2.13,48853,47829,13394.0
341850,TIGER 리츠부동산인프라채권TR KIS,4368.0,4459.0,2.08,4909,4105,11744.0
463290,1Q 단기금융채액티브,100060.0,102030.0,1.97,102040,100060,4408.0
292770,KODEX 국채선물3년인버스,52700.0,53700.0,1.9,54585,0,17.0
381570,HANARO Fn친환경에너지,8142.0,8295.0,1.88,10690,6914,5856.0
139320,TIGER 금은선물(H),9475.0,9650.0,1.85,10320,8800,3104.0
457930,BNK 미래전략기술액티브,10100.0,10285.0,1.83,10535,8610,2266.0
468370,KODEX iShares미국인플레이션국채액티브,9718.0,9889.0,1.76,9899,8986,35545.0
455960,RISE 미국달러SOFR금리액티브(합성),10120.0,10270.0,1.48,10735,9610,8131.0
282000,RISE 국고채3년선물인버스,105805.0,107250.0,1.37,109245,104060,17326.0
472720,TRUSTON 주주가치액티브,10035.0,10170.0,1.35,10375,10010,10905.0
308620,KODEX 미국10년국채선물,10975.0,11120.0,1.32,12125,10580,32437.0
215620,HK S&P코리아로우볼,11680.0,11822.0,1.22,12197,10497,22.0
453630,KODEX 미국S&P500필수소비재,9766.0,9883.0,1.2,10654,9137,27141.0
473330,SOL 미국30년국채커버드콜(합성),8886.0,8983.0,1.09,9008,8807,442038.0
367770,RISE 수소경제테마,8788.0,8871.0,0.94,10465,7988,49748.0
469830,SOL 초단기채권액티브,50010.0,50455.0,0.89,52350,50010,22157.0
397410,RISE 국채선물5년추종인버스,54635.0,55095.0,0.84,66800,53105,16903.0
464600,SOL 자동차소부장Fn,9950.0,10034.0,0.84,10391,8629,74638.0
463640,KODEX 미국S&P500유틸리티,9629.0,9692.0,0.65,9726,8545,5343.0
472830,RISE 미국30년국채커버드콜(합성),8841.0,8898.0,0.64,9002,8793,424602.0
471290,HANARO CD금리액티브(합성),100055.0,100615.0,0.56,100615,100045,311.0
226380,ACE Fn성장소비주도주,5939.0,5968.0,0.49,6563,5288,612.0
271050,KODEX WTI원유선물인버스(H),4820.0,4840.0,0.41,5755,3905,622227.0
373530,PLUS 신흥국MSCI인버스(합성 H),11560.0,11600.0,0.35,12780,10470,86.0
473290,KODEX 26-12 회사채(AA-이상)액티브,10035.0,10070.0,0.35,10105,10020,21301.0
322400,HANARO e커머스,11137.0,11175.0,0.34,12888,9023,5413.0
466930,SOL 자동차TOP3플러스,9500.0,9530.0,0.32,10382,8638,54459.0
473440,ACE 11월만기자동연장회사채AA-이상액티브,10055.0,10085.0,0.3,10150,10050,185089.0
471990,KODEX AI반도체핵심장비,10223.0,10248.0,0.24,10641,9641,1426904.0
432850,HANARO 글로벌백신치료제MSCI,10536.0,10559.0,0.22,10834,8929,398.0
429870,히어로즈 리츠이지스액티브,6645.0,6658.0,0.2,7163,6078,933.0
314700,HANARO 농업융복합산업,10868.0,10886.0,0.17,12088,9766,1084.0
195980,PLUS 신흥국MSCI(합성 H),8965.0,8975.0,0.11,10050,8160,36424.0
438900,HANARO Fn K-푸드,9294.0,9301.0,0.08,9850,7921,4418.0
265690,ACE 러시아MSCI(합성),8535.0,8535.0,0.0,0,0,0.0
276970,KODEX 미국S&P500배당귀족커버드콜(합성 H),8125.0,8121.0,-0.05,8505,7482,15429.0
219390,RISE 미국S&P원유생산기업(합성 H),6125.0,6120.0,-0.08,7120,5335,64324.0
473590,ACE 미국주식베스트셀러,9945.0,9935.0,-0.1,10015,9630,1054618.0
464930,TIGER 글로벌혁신블루칩TOP10,10115.0,10100.0,-0.15,10485,9480,1066461.0
291890,KODEX MSCI EM선물(H),7785.0,7770.0,-0.19,8700,7110,2496.0
471760,TIGER AI반도체핵심공정,9943.0,9923.0,-0.2,10246,9260,1810700.0
473460,KODEX 미국서학개미,9945.0,9920.0,-0.25,9989,9571,194132.0
391600,ACE 미국친환경그린테마INDXX,9450.0,9420.0,-0.32,10900,8470,4952.0
469530,RISE 미국달러선물인버스,9990.0,9955.0,-0.35,10185,9855,52.0
228810,TIGER 미디어컨텐츠,6647.0,6622.0,-0.38,8004,5244,149788.0
225060,TIGER 이머징마켓MSCI레버리지(합성 H),6980.0,6945.0,-0.5,8450,5810,1544.0
467620,히어로즈 25-09 미국채권(AA-이상)액티브,49617.0,49213.0,-0.81,49886,46263,41705.0
472840,ITF 200,34221.0,33935.0,-0.84,35864,33885,2297.0
454320,HANARO CAPEX설비투자iSelect,10510.0,10421.0,-0.85,13152,9090,122294.0
466810,BNK 2차전지양극재,9475.0,9390.0,-0.9,10880,7680,14366.0
329200,TIGER 리츠부동산인프라,4109.0,4072.0,-0.9,4398,3714,381818.0
218420,KODEX 미국S&P500에너지(합성),12995.0,12870.0,-0.96,14650,11510,24116.0
176950,KODEX 국채선물10년인버스,54180.0,53525.0,-1.21,58160,51330,551.0
472870,RISE 미국30년국채엔화노출(합성 H),9681.0,9562.0,-1.23,9884,9377,890011.0
364960,TIGER BBIG,6603.0,6519.0,-1.27,7469,5286,104618.0
295020,RISE 국채선물10년인버스,54785.0,53940.0,-1.54,58455,51870,5007.0
466920,SOL 조선TOP3플러스,9195.0,9025.0,-1.85,9805,8100,273245.0
466940,TIGER 은행고배당플러스TOP10,9591.0,9401.0,-1.98,9793,8910,179199.0
217770,TIGER 원유선물인버스(H),3310.0,3240.0,-2.11,3920,2640,265496.0
464610,SOL 의료기기소부장Fn,10023.0,9803.0,-2.19,10517,8395,121644.0
472350,1Q 차이나H(H),9970.0,9750.0,-2.21,10230,9600,70555.0
460280,KOSEF Fn유전자혁신기술,10200.0,9935.0,-2.6,11535,7960,29432.0
473500,KOSEF 글로벌전력반도체,9956.0,9692.0,-2.65,10305,9378,12468.0
267440,RISE 미국장기국채선물(H),9085.0,8820.0,-2.92,9700,7725,8038.0
461600,SOL 미국30년국채액티브(H),10035.0,9725.0,-3.09,10320,8420,61892.0
300640,RISE 게임테마,9741.0,9438.0,-3.11,11632,7485,69785.0
138910,KODEX 구리선물(H),6895.0,6675.0,-3.19,7705,6220,10488.0
407300,HANARO Fn골프테마,6106.0,5899.0,-3.39,6760,5477,959.0
429740,PLUS K리츠,6571.0,6346.0,-3.42,7016,5765,2566.0
139250,TIGER 200 에너지화학,14186.0,13675.0,-3.6,16978,11850,93039.0
261270,KODEX 미국달러선물인버스,8945.0,8620.0,-3.63,9375,8330,75606.0
139660,KOSEF 미국달러선물인버스,9330.0,8990.0,-3.64,9760,8685,2585.0
428510,KODEX 차이나메타버스액티브,9398.0,9030.0,-3.92,10749,8795,805.0
407170,KCGI 스마트커머스액티브,7595.0,7290.0,-4.02,8055,6530,912.0
213630,PLUS 미국다우존스고배당주(합성 H),16065.0,15390.0,-4.2,16710,13400,2583.0
469170,ACE 포스코그룹포커스,8861.0,8474.0,-4.37,9919,6850,960195.0
280940,KODEX 골드선물인버스(H),7200.0,6880.0,-4.44,7575,6475,6278.0
138530,TIGER LG그룹+펀더멘털,7995.0,7613.0,-4.78,9581,7099,13851.0
304660,KODEX 미국30년국채울트라선물(H),8680.0,8265.0,-4.78,9380,7025,635656.0
300610,TIGER K게임,8313.0,7850.0,-5.57,9841,6388,27773.0
276000,TIGER 글로벌자원생산기업(합성 H),15995.0,15040.0,-5.97,17100,13935,1750.0
465620,ACE 미국빅테크TOP7 Plus인버스(합성),19695.0,18490.0,-6.12,21345,18210,15703.0
138920,KODEX 콩선물(H),14540.0,13600.0,-6.46,16200,12655,971.0
266390,KODEX 경기소비재,8781.0,8208.0,-6.53,9778,7850,11092.0
292560,TIGER 일본엔선물,9430.0,8755.0,-7.16,9765,8245,286577.0
365000,TIGER 인터넷TOP10,4255.0,3939.0,-7.43,5169,3101,150173.0
437370,RISE 글로벌농업경제,9565.0,8835.0,-7.63,10375,8270,1048.0
458250,TIGER 미국30년국채스트립액티브(합성 H),51350.0,47340.0,-7.81,53065,36765,72722.0
388280,RISE 컨택트대표,7732.0,7105.0,-8.11,8571,6799,8412.0
463050,TIMEFOLIO K바이오액티브,9865.0,9050.0,-8.26,11490,7180,518735.0
455860,SOL 2차전지소부장Fn,8958.0,8213.0,-8.32,14339,6565,1407962.0
144600,KODEX 은선물(H),4765.0,4355.0,-8.6,5135,3905,228684.0
453850,ACE 미국30년국채액티브(H),9442.0,8618.0,-8.73,9639,7327,794617.0
130680,TIGER 원유선물Enhanced(H),4410.0,4015.0,-8.96,5100,3650,197122.0
261220,KODEX WTI원유선물(H),14630.0,13310.0,-9.02,16870,11930,372498.0
364990,TIGER 게임TOP10,5812.0,5263.0,-9.45,6561,4167,115917.0
300950,KODEX 게임산업,7733.0,6959.0,-10.01,8864,5690,83617.0
227560,TIGER 200 생활소비재,8586.0,7726.0,-10.02,8933,6980,3169.0
401590,HANARO 글로벌탄소배출권선물ICE(합성),11200.0,10070.0,-10.09,13335,9335,14293.0
261120,TIGER 미국달러선물인버스2X,7335.0,6595.0,-10.09,8020,6220,22205.0
395280,HANARO Fn K-게임,4702.0,4208.0,-10.51,5382,3405,13388.0
150460,TIGER 중국소비테마,6833.0,6111.0,-10.57,7360,5668,172917.0
230480,KOSEF 미국달러선물인버스2X,6490.0,5780.0,-10.94,7090,5465,12272.0
117690,TIGER 차이나항셍25,12766.0,11368.0,-10.95,14282,11265,1954.0
261260,KODEX 미국달러선물인버스2X,7380.0,6570.0,-10.98,8070,6210,479692.0
417450,RISE 글로벌수소경제,8415.0,7445.0,-11.53,9880,6810,3443.0
266410,KODEX 필수소비재,7223.0,6370.0,-11.81,7516,5786,22522.0
412560,TIGER BBIG레버리지,2800.0,2465.0,-11.96,3565,1670,10056.0
450180,KODEX 한중전기차(합성),9500.0,8360.0,-12.0,12315,8320,1881.0
412570,TIGER 2차전지TOP10레버리지,5775.0,5075.0,-12.12,20500,3995,213647.0
371160,TIGER 차이나항셍테크,5755.0,5055.0,-12.16,6620,5025,1528711.0
267490,RISE 미국장기국채선물레버리지(합성 H),7450.0,6535.0,-12.28,8300,5105,20950.0
449680,TIGER 한중전기차(합성),9320.0,8170.0,-12.34,12000,8150,2687.0
245360,TIGER 차이나HSCEI,8536.0,7478.0,-12.39,9583,7347,15884.0
371150,RISE 차이나항셍테크,5660.0,4955.0,-12.46,6790,4955,8380.0
099140,KODEX 차이나H,15033.0,13122.0,-12.71,16729,12785,38093.0
372330,KODEX 차이나항셍테크,5760.0,5020.0,-12.85,6585,4995,439167.0
419420,KODEX 미국클린에너지나스닥,7873.0,6834.0,-13.2,9934,5731,13347.0
228800,TIGER 여행레저,4032.0,3498.0,-13.24,4499,3071,470635.0
371870,ACE 차이나항셍테크,5665.0,4905.0,-13.42,6650,4905,4863.0
192090,TIGER 차이나CSI300,9150.0,7890.0,-13.77,10474,7815,238194.0
462010,TIGER 2차전지소재Fn,9954.0,8581.0,-13.79,15691,6780,5960521.0
169950,KODEX 차이나A50,18690.0,16085.0,-13.94,20720,15705,14476.0
220130,SOL 차이나강소기업CSI500(합성 H),4715.0,4055.0,-14.0,5325,4025,10159.0
139310,TIGER 금속선물(H),6390.0,5470.0,-14.4,6995,5320,1931.0
145670,ACE 인버스,6445.0,5515.0,-14.43,6565,5235,5513.0
283580,KODEX 차이나CSI300,11380.0,9714.0,-14.64,12655,9596,160481.0
123310,TIGER 인버스,5835.0,4980.0,-14.65,5960,4720,625815.0
174360,RISE 중국본토대형주CSI100,16990.0,14490.0,-14.71,19125,14300,6236.0
465330,RISE 2차전지TOP10,18485.0,15740.0,-14.85,19325,13070,607525.0
114800,KODEX 인버스,5225.0,4445.0,-14.93,5335,4215,17613305.0
168580,ACE 중국본토CSI300,25385.0,21580.0,-14.99,28205,21150,10943.0
253240,KOSEF 200선물인버스,6770.0,5745.0,-15.14,6900,5450,8704.0
400570,KODEX 유럽탄소배출권선물ICE(H),12580.0,10675.0,-15.14,15150,10360,77049.0
306520,HANARO 200선물인버스,12070.0,10240.0,-15.16,12320,9765,1496.0
252410,RISE 200선물인버스,6715.0,5695.0,-15.19,6835,5395,4631.0
400580,SOL 유럽탄소배출권선물S&P(H),12635.0,10705.0,-15.28,15155,10340,15926.0
396520,TIGER 차이나반도체FACTSET,6045.0,5100.0,-15.63,7980,5085,12851.0
395150,KODEX 웹툰&드라마,5416.0,4563.0,-15.75,6207,3320,43513.0
461950,KODEX 2차전지핵심소재10,10875.0,9132.0,-16.03,17160,7065,1430536.0
394670,TIGER 글로벌리튬&2차전지SOLACTIVE(합성),8475.0,7090.0,-16.34,10045,6740,128997.0
463300,RISE 중국본토CSI300,9905.0,8280.0,-16.41,9990,8190,1277.0
137610,TIGER 농산물선물Enhanced(H),7795.0,6495.0,-16.68,8180,6440,58633.0
415340,KODEX 차이나과창판STAR50(합성),7115.0,5925.0,-16.73,9150,5850,5165.0
225030,TIGER 미국S&P500선물인버스(H),4190.0,3485.0,-16.83,4195,3450,42006.0
414780,TIGER 차이나과창판STAR50(합성),6945.0,5775.0,-16.85,8985,5720,47807.0
456250,KODEX 유럽명품TOP10 STOXX,9907.0,8231.0,-16.92,9954,7630,47051.0
250730,RISE 차이나HSCEI(H),7800.0,6455.0,-17.24,9320,6425,19046.0
457990,PLUS 태양광&ESS,9933.0,8219.0,-17.26,11402,6808,14620.0
441330,KOSEF 차이나A50커넥트MSCI,8755.0,7223.0,-17.5,9781,7074,19842.0
243890,TIGER 200에너지화학레버리지,9955.0,8165.0,-17.98,13585,6370,6762.0
371470,TIGER 차이나바이오테크SOLACTIVE,7370.0,6035.0,-18.11,8415,5885,22457.0
310080,RISE 중국MSCI China(H),8505.0,6950.0,-18.28,10305,6785,7710.0
415760,SOL 차이나육성산업액티브(합성),7035.0,5730.0,-18.55,8945,5680,9882.0
416090,ACE 중국과창판STAR50,7005.0,5700.0,-18.63,8895,5630,1708.0
271060,KODEX 3대농산물선물(H),12720.0,10250.0,-19.42,13345,10210,16425.0
448510,HANARO 글로벌신재생에너지MSCI(합성),9120.0,7195.0,-21.11,9830,6370,431.0
399580,RISE 글로벌클린에너지,9360.0,7380.0,-21.15,9900,6430,5625.0
415920,PLUS 글로벌희토류&전략자원생산기업,7605.0,5895.0,-22.49,9080,5600,2701.0
452250,ACE 미국30년국채선물레버리지(합성 H),9605.0,7300.0,-24.0,9815,5365,177072.0
205720,ACE 일본TOPIX인버스(합성 H),4030.0,3025.0,-24.94,4255,3015,8717.0
360140,KODEX 200롱코스닥150숏선물,11055.0,8290.0,-25.01,11580,7260,92054.0
256450,PLUS 심천차이넥스트(합성),9920.0,7310.0,-26.31,11585,7285,321.0
454180,KOSEF 차이나내수소비TOP CSI,9765.0,7132.0,-26.96,9863,7112,54397.0
256750,KODEX 차이나심천ChiNext(합성),10315.0,7440.0,-27.87,11495,7415,8765.0
204480,TIGER 차이나CSI300레버리지(합성),18020.0,12410.0,-31.13,22685,12200,114841.0
253160,PLUS 200선물인버스2X,7045.0,4840.0,-31.3,7340,4365,26360.0
252420,RISE 200선물인버스2X,3470.0,2380.0,-31.41,3620,2145,141980.0
253230,KOSEF 200선물인버스2X,3495.0,2395.0,-31.47,3635,2160,90625.0
252710,TIGER 200선물인버스2X,3680.0,2520.0,-31.52,3825,2275,2935050.0
252670,KODEX 200선물인버스2X,3495.0,2385.0,-31.76,3640,2145,125362825.0
409810,KODEX 미국나스닥100선물인버스(H),13910.0,9335.0,-32.89,13975,9120,99807.0
219900,ACE 중국본토CSI300레버리지(합성),3190.0,2140.0,-32.92,3980,2105,9536.0
419650,PLUS 글로벌수소&차세대연료전지,7290.0,4820.0,-33.88,8500,4185,9060.0
396510,TIGER 차이나클린에너지SOLACTIVE,8245.0,5380.0,-34.75,9205,5095,13955.0
419430,KODEX 차이나2차전지MSCI(합성),7935.0,5170.0,-34.85,9165,4945,32619.0
251340,KODEX 코스닥150선물인버스,5620.0,3555.0,-36.74,5725,3160,58092287.0
371460,TIGER 차이나전기차SOLACTIVE,11665.0,7370.0,-36.82,13150,7165,4405722.0
250780,TIGER 코스닥150선물인버스,5770.0,3625.0,-37.18,5855,3255,1043825.0
291620,KOSEF 코스닥150선물인버스,10240.0,6390.0,-37.6,10370,5740,15061.0
275750,RISE 코스닥150선물인버스,5895.0,3670.0,-37.74,5975,3300,34874.0
301410,PLUS 코스닥150선물인버스,8875.0,5515.0,-37.86,8980,4960,20507.0
438320,TIGER 차이나항셍테크레버리지(합성 H),8285.0,5020.0,-39.41,15000,4980,225127.0
413220,SOL 차이나태양광CSI(합성),7770.0,4670.0,-39.9,8795,4240,13822.0
204450,KODEX 차이나H레버리지(H),2180.0,1304.0,-40.18,2925,1286,682297.0
334690,RISE 팔라듐선물(H),9790.0,5330.0,-45.56,9955,4965,8330.0
462330,KODEX 2차전지산업레버리지,10140.0,5230.0,-48.42,19650,3915,1893474.0
456680,TIGER 차이나전기차레버리지(합성),9710.0,4355.0,-55.15,11335,4160,101676.0
